Symbols,Price,IsUptrend,AboveMA,Yearly_Profit_20%,Quarterly_Profit_Growth,Revenue_Growth,EPS_Growth,Symptoms_Count
AACT,10.95,TRUE,TRUE,y_no_gp,q_no_gp,insufficient,FALSE,2
AAT,25.42,TRUE,TRUE,FALSE,FALSE,FALSE,FALSE,2
AB,35.52,TRUE,TRUE,y_no_gp,q_no_gp,FALSE,FALSE,2
ABCB,61.95,TRUE,TRUE,y_no_gp,q_no_gp,FALSE,FALSE,2
ABG,243.86,TRUE,TRUE,FALSE,FALSE,FALSE,FALSE,2
ABM,51.14,TRUE,TRUE,y_no_gp,q_no_gp,FALSE,FALSE,2
ABT,112.42,TRUE,TRUE,FALSE,FALSE,FALSE,FALSE,2
AC,35.01,TRUE,TRUE,FALSE,FALSE,FALSE,FALSE,2
ACA,99.08,TRUE,TRUE,FALSE,FALSE,FALSE,FALSE,2
ACCO,5.43,TRUE,TRUE,FALSE,FALSE,FALSE,FALSE,2
ACEL,10.73,TRUE,FALSE,FALSE,FALSE,TRUE,FALSE,2
ACM,107.04,TRUE,TRUE,FALSE,FALSE,FALSE,FALSE,2
ADX,20.04,TRUE,TRUE,y_no_gp,q_no_gp,FALSE,cant_fetch,2
AEE,88.57,TRUE,TRUE,FALSE,FALSE,FALSE,FALSE,2
AEM,77.36,TRUE,TRUE,FALSE,FALSE,FALSE,FALSE,2
AER,93.08,TRUE,TRUE,FALSE,FALSE,FALSE,FALSE,2
AFG,136.46,TRUE,TRUE,y_no_gp,q_no_gp,FALSE,FALSE,2
AGL,1.88,FALSE,FALSE,FALSE,FALSE,TRUE,TRUE,2
AGM,199.29,TRUE,TRUE,y_no_gp,q_no_gp,FALSE,FALSE,2
AGR,35.73,TRUE,TRUE,FALSE,FALSE,FALSE,FALSE,2
AGS,11.49,TRUE,TRUE,FALSE,FALSE,FALSE,FALSE,2
AGX,139.48,TRUE,TRUE,FALSE,FALSE,FALSE,FALSE,2
AHR,27.21,TRUE,TRUE,FALSE,FALSE,FALSE,FALSE,2
AI,35.45,TRUE,TRUE,FALSE,FALSE,FALSE,FALSE,2
AIO,23.64,TRUE,TRUE,y_no_gp,q_no_gp,FALSE,cant_fetch,2
AIT,243.45,TRUE,TRUE,FALSE,FALSE,FALSE,FALSE,2
AIZ,208.44,TRUE,TRUE,y_no_gp,q_no_gp,FALSE,FALSE,2
AJG,279.09,TRUE,TRUE,FALSE,FALSE,FALSE,FALSE,2
AKR,23.97,TRUE,TRUE,FALSE,FALSE,FALSE,FALSE,2
ALE,64.6,TRUE,TRUE,FALSE,FALSE,FALSE,FALSE,2
ALEX,17.535,TRUE,TRUE,FALSE,FALSE,FALSE,FALSE,2
ALK,64.97,TRUE,TRUE,FALSE,FALSE,FALSE,FALSE,2
ALL,189.79,TRUE,TRUE,y_no_gp,q_no_gp,FALSE,FALSE,2
ALLY,34.63,TRUE,FALSE,y_no_gp,q_no_gp,FALSE,TRUE,2
ALSN,107.22,TRUE,TRUE,FALSE,FALSE,FALSE,FALSE,2
ALTG,6.6,TRUE,FALSE,TRUE,FALSE,FALSE,FALSE,2
AM,14.53,TRUE,TRUE,FALSE,FALSE,FALSE,FALSE,2
AMG,179.54,TRUE,TRUE,FALSE,FALSE,FALSE,FALSE,2
AMPX,1.7,TRUE,FALSE,TRUE,FALSE,FALSE,FALSE,2
AMTB,22.41,TRUE,TRUE,y_no_gp,q_no_gp,FALSE,FALSE,2
AN,169.77,TRUE,TRUE,FALSE,FALSE,FALSE,FALSE,2
ANF,153.25,TRUE,TRUE,FALSE,FALSE,FALSE,FALSE,2
AORT,27.97,TRUE,TRUE,FALSE,FALSE,FALSE,FALSE,2
APAM,43.16,TRUE,TRUE,FALSE,FALSE,FALSE,FALSE,2
APD,293.17,TRUE,TRUE,FALSE,FALSE,FALSE,FALSE,2
APH,70.01,TRUE,TRUE,FALSE,FALSE,FALSE,FALSE,2
AQNB,25.35,TRUE,TRUE,y_empty,q_no_gp,cant_fetch,cant_fetch,2
ARDC,14.8825,TRUE,TRUE,y_no_gp,q_no_gp,FALSE,cant_fetch,2
ARES,171.08,TRUE,TRUE,FALSE,FALSE,FALSE,FALSE,2
ARLO,11.45,TRUE,FALSE,TRUE,FALSE,FALSE,FALSE,2
ARMK,37.41,TRUE,TRUE,FALSE,FALSE,FALSE,FALSE,2
AROC,24.03,TRUE,TRUE,FALSE,FALSE,FALSE,FALSE,2
AS,27.5,TRUE,TRUE,FALSE,FALSE,FALSE,FALSE,2
ASB,23.7,TRUE,TRUE,y_no_gp,q_no_gp,FALSE,FALSE,2
ASBA,24.85,TRUE,TRUE,y_empty,q_no_gp,cant_fetch,cant_fetch,2
ASG,5.61,TRUE,TRUE,y_no_gp,q_no_gp,FALSE,cant_fetch,2
ASIX,28.27,TRUE,TRUE,FALSE,FALSE,FALSE,FALSE,2
ATEN,18.4,TRUE,TRUE,FALSE,FALSE,FALSE,FALSE,2
ATGE,88.41,TRUE,TRUE,FALSE,FALSE,FALSE,FALSE,2
ATMU,38.78,TRUE,TRUE,FALSE,FALSE,FALSE,FALSE,2
ATO,137.97,TRUE,TRUE,FALSE,FALSE,FALSE,FALSE,2
ATR,158.87,TRUE,TRUE,FALSE,FALSE,FALSE,FALSE,2
AUB,37.15,TRUE,TRUE,y_no_gp,q_no_gp,FALSE,FALSE,2
AUNA,6.66,FALSE,FALSE,TRUE,FALSE,TRUE,FALSE,2
AVB,217.16,TRUE,TRUE,FALSE,FALSE,FALSE,FALSE,2
AVK,11.79,TRUE,TRUE,y_no_gp,q_no_gp,FALSE,cant_fetch,2
AWI,141.86,TRUE,TRUE,FALSE,FALSE,FALSE,FALSE,2
AX,71.12,TRUE,TRUE,y_no_gp,q_no_gp,FALSE,FALSE,2
AXP,293.08,TRUE,TRUE,y_no_gp,q_no_gp,FALSE,FALSE,2
AXR,31.29,TRUE,TRUE,FALSE,FALSE,FALSE,FALSE,2
AXS,87.61,TRUE,TRUE,y_no_gp,q_no_gp,FALSE,FALSE,2
AZZ,81.57,TRUE,TRUE,FALSE,FALSE,FALSE,FALSE,2
B,47.13,TRUE,TRUE,FALSE,FALSE,FALSE,FALSE,2
BA,177.04,TRUE,FALSE,FALSE,FALSE,FALSE,TRUE,2
BAC,43.38,TRUE,TRUE,y_no_gp,q_no_gp,FALSE,FALSE,2
BALY,17.68,TRUE,TRUE,FALSE,FALSE,FALSE,FALSE,2
BAM,54.22,TRUE,TRUE,FALSE,FALSE,insufficient,FALSE,2
BANC,15.36,TRUE,TRUE,y_no_gp,q_no_gp,FALSE,FALSE,2
BAP,180.17,TRUE,TRUE,y_no_gp,q_no_gp,FALSE,FALSE,2
BARK,1.93,TRUE,TRUE,FALSE,FALSE,FALSE,FALSE,2
BBU,22.38,TRUE,TRUE,FALSE,FALSE,FALSE,FALSE,2
BBUC,23.51,TRUE,TRUE,FALSE,FALSE,FALSE,FALSE,2
BBW,42.74,TRUE,TRUE,FALSE,FALSE,FALSE,FALSE,2
BCS,12.92,TRUE,TRUE,y_no_gp,q_no_gp,FALSE,FALSE,2
BCSF,16.95,TRUE,TRUE,y_no_gp,q_no_gp,FALSE,FALSE,2
BDC,114.61,TRUE,TRUE,FALSE,FALSE,FALSE,FALSE,2
BDN,5.34,TRUE,TRUE,FALSE,FALSE,FALSE,FALSE,2
BE,22.88,TRUE,TRUE,FALSE,FALSE,FALSE,FALSE,2
BERY,64.69,TRUE,TRUE,FALSE,FALSE,FALSE,FALSE,2
BFH,61.42,TRUE,TRUE,FALSE,q_no_gp,FALSE,FALSE,2
BFLY,2.97,TRUE,TRUE,FALSE,FALSE,FALSE,FALSE,2
BGB,12.23,TRUE,TRUE,y_no_gp,q_no_gp,FALSE,cant_fetch,2
BGH,15.2177,TRUE,TRUE,y_no_gp,q_no_gp,FALSE,cant_fetch,2
BGT,12.69,TRUE,TRUE,y_no_gp,q_no_gp,FALSE,cant_fetch,2
BGX,12.68,TRUE,TRUE,y_no_gp,q_no_gp,FALSE,cant_fetch,2
BHE,45.93,TRUE,TRUE,FALSE,FALSE,FALSE,FALSE,2
BHLB,27.8,TRUE,TRUE,y_no_gp,q_no_gp,FALSE,FALSE,2
BHR,3.15,TRUE,TRUE,FALSE,FALSE,FALSE,FALSE,2
BIGZ,7.48,TRUE,TRUE,y_no_gp,q_no_gp,FALSE,cant_fetch,2
BIP,31,FALSE,TRUE,FALSE,FALSE,TRUE,FALSE,2
BJ,94,TRUE,TRUE,FALSE,FALSE,FALSE,FALSE,2
BK,76.41,TRUE,TRUE,y_no_gp,q_no_gp,FALSE,FALSE,2
BKE,50.4,TRUE,TRUE,FALSE,FALSE,FALSE,FALSE,2
BKH,58.05,TRUE,TRUE,FALSE,FALSE,FALSE,FALSE,2
BKSY,10.5,TRUE,FALSE,FALSE,FALSE,TRUE,FALSE,2
BKU,37.41,TRUE,TRUE,y_no_gp,q_no_gp,FALSE,FALSE,2
BLND,4.43,TRUE,TRUE,FALSE,FALSE,FALSE,FALSE,2
BLX,35.64,TRUE,TRUE,y_no_gp,q_no_gp,FALSE,FALSE,2
BMI,218.46,TRUE,TRUE,FALSE,FALSE,FALSE,FALSE,2
BMN,25.06,TRUE,TRUE,y_no_gp,q_no_gp,FALSE,cant_fetch,2
BMY,56.3,TRUE,TRUE,FALSE,FALSE,FALSE,FALSE,2
BN,55.49,TRUE,TRUE,FALSE,FALSE,FALSE,FALSE,2
BNS,53.42,TRUE,TRUE,y_no_gp,q_no_gp,FALSE,FALSE,2
BOH,68.21,TRUE,TRUE,y_no_gp,q_no_gp,FALSE,FALSE,2
BOX,32.06,TRUE,TRUE,FALSE,FALSE,FALSE,FALSE,2
BR,224.18,TRUE,TRUE,FALSE,FALSE,FALSE,FALSE,2
BRC,75.56,TRUE,TRUE,FALSE,FALSE,FALSE,FALSE,2
BRFS,4.28,TRUE,TRUE,FALSE,FALSE,FALSE,FALSE,2
BRO,102.3,TRUE,TRUE,FALSE,FALSE,FALSE,FALSE,2
BRT,18.13,TRUE,TRUE,FALSE,FALSE,FALSE,FALSE,2
BRW,7.73,TRUE,TRUE,y_no_gp,q_no_gp,FALSE,cant_fetch,2
BRX,27.09,TRUE,TRUE,FALSE,FALSE,FALSE,FALSE,2
BSIG,28.02,TRUE,TRUE,FALSE,FALSE,FALSE,FALSE,2
BSL,14.25,TRUE,TRUE,y_no_gp,q_no_gp,FALSE,cant_fetch,2
BST,36.15,TRUE,TRUE,y_no_gp,q_no_gp,FALSE,cant_fetch,2
BSTZ,20.38,TRUE,TRUE,y_no_gp,q_no_gp,FALSE,cant_fetch,2
BSX,88.66,TRUE,TRUE,FALSE,FALSE,FALSE,FALSE,2
BTI,36.1269,TRUE,TRUE,FALSE,q_no_gp,FALSE,cant_fetch,2
BTO,34.13,TRUE,TRUE,y_no_gp,q_no_gp,FALSE,cant_fetch,2
BURL,281.12,TRUE,TRUE,FALSE,FALSE,FALSE,FALSE,2
BV,15.88,TRUE,TRUE,FALSE,FALSE,FALSE,FALSE,2
BWSN,23.01,TRUE,TRUE,y_empty,q_no_gp,cant_fetch,cant_fetch,2
BWXT,112.96,TRUE,TRUE,FALSE,FALSE,FALSE,FALSE,2
BX,168.91,TRUE,TRUE,y_no_gp,q_no_gp,FALSE,FALSE,2
BXMX,13.54,TRUE,TRUE,y_no_gp,q_no_gp,FALSE,cant_fetch,2
BXSL,31.84,TRUE,TRUE,FALSE,q_no_gp,FALSE,FALSE,2
BY,28.89,TRUE,TRUE,y_no_gp,q_no_gp,FALSE,FALSE,2
BYD,71.16,TRUE,TRUE,FALSE,FALSE,FALSE,FALSE,2
C,68.42,TRUE,TRUE,y_no_gp,q_no_gp,FALSE,FALSE,2
CAAP,18.64,TRUE,TRUE,FALSE,FALSE,FALSE,FALSE,2
CADE,33.77,TRUE,TRUE,y_no_gp,q_no_gp,FALSE,FALSE,2
CAH,117,TRUE,TRUE,FALSE,FALSE,FALSE,FALSE,2
CANG,5.76,TRUE,TRUE,FALSE,FALSE,FALSE,FALSE,2
CAVA,117.05,TRUE,TRUE,FALSE,FALSE,FALSE,FALSE,2
CBAN,16.02,TRUE,TRUE,y_no_gp,q_no_gp,FALSE,FALSE,2
CBL,29.75,TRUE,TRUE,FALSE,FALSE,FALSE,FALSE,2
CBRE,125.65,TRUE,TRUE,FALSE,FALSE,FALSE,FALSE,2
CBU,61.12,TRUE,TRUE,y_no_gp,q_no_gp,FALSE,FALSE,2
CCIA,25.78,TRUE,TRUE,y_no_gp,q_no_gp,FALSE,cant_fetch,2
CCJ,52.91,TRUE,TRUE,FALSE,FALSE,FALSE,FALSE,2
CCL,25.18,TRUE,TRUE,FALSE,FALSE,FALSE,FALSE,2
CCRD,21.52,TRUE,TRUE,FALSE,FALSE,FALSE,FALSE,2
CCZ,61.1,TRUE,TRUE,y_empty,q_no_gp,cant_fetch,cant_fetch,2
CDP,30.66,TRUE,TRUE,FALSE,FALSE,FALSE,FALSE,2
CEE,11.48,TRUE,TRUE,y_no_gp,q_no_gp,FALSE,cant_fetch,2
CEIX,108.29,TRUE,TRUE,FALSE,FALSE,FALSE,FALSE,2
CEPU,13.55,TRUE,TRUE,FALSE,FALSE,FALSE,FALSE,2
CF,83.82,TRUE,TRUE,FALSE,FALSE,FALSE,FALSE,2
CFG,42.45,TRUE,TRUE,y_no_gp,q_no_gp,FALSE,FALSE,2
CFR,131.28,TRUE,TRUE,y_no_gp,q_no_gp,FALSE,FALSE,2
CHD,105.85,TRUE,TRUE,FALSE,FALSE,FALSE,FALSE,2
CHH,140.7,TRUE,TRUE,FALSE,FALSE,FALSE,FALSE,2
CHWY,32.48,TRUE,TRUE,FALSE,FALSE,FALSE,FALSE,2
CIEN,85.79,TRUE,TRUE,FALSE,FALSE,FALSE,FALSE,2
CII,19.49,TRUE,TRUE,y_no_gp,q_no_gp,FALSE,cant_fetch,2
CION,11.59,TRUE,TRUE,y_no_gp,q_no_gp,FALSE,FALSE,2
CLBR,11.72,TRUE,TRUE,y_empty,q_no_gp,cant_fetch,FALSE,2
CLS,93.05,TRUE,TRUE,FALSE,FALSE,FALSE,FALSE,2
CLX,164.13,TRUE,TRUE,FALSE,FALSE,FALSE,FALSE,2
CM,63.78,TRUE,TRUE,y_no_gp,q_no_gp,FALSE,FALSE,2
CMA,60.01,TRUE,TRUE,y_no_gp,q_no_gp,FALSE,FALSE,2
CMCM,4.59,TRUE,TRUE,FALSE,FALSE,FALSE,FALSE,2
CMG,61.74,TRUE,FALSE,TRUE,FALSE,FALSE,FALSE,2
CNA,47.66,TRUE,TRUE,y_no_gp,q_no_gp,FALSE,FALSE,2
CNO,36.02,TRUE,TRUE,y_no_gp,q_no_gp,FALSE,FALSE,2
CNP,31.76,TRUE,TRUE,FALSE,FALSE,FALSE,FALSE,2
CNS,90.67,TRUE,TRUE,FALSE,FALSE,FALSE,FALSE,2
CNX,35.34,TRUE,TRUE,FALSE,FALSE,FALSE,FALSE,2
COF,175.66,TRUE,TRUE,y_no_gp,q_no_gp,FALSE,FALSE,2
COHR,96.18,TRUE,TRUE,FALSE,FALSE,FALSE,FALSE,2
COMP,5.98,TRUE,TRUE,FALSE,FALSE,FALSE,FALSE,2
COUR,8.4,TRUE,FALSE,FALSE,FALSE,TRUE,FALSE,2
CPF,28.27,TRUE,TRUE,y_no_gp,q_no_gp,FALSE,FALSE,2
CPK,118.4,TRUE,TRUE,FALSE,FALSE,FALSE,FALSE,2
CPNG,22.73,FALSE,TRUE,TRUE,FALSE,FALSE,FALSE,2
CQP,51.9,TRUE,TRUE,FALSE,FALSE,FALSE,FALSE,2
CR,152.53,TRUE,TRUE,FALSE,FALSE,FALSE,FALSE,2
CRBG,29.09,TRUE,TRUE,FALSE,q_no_gp,FALSE,FALSE,2
CRGY,13.13,TRUE,TRUE,FALSE,FALSE,FALSE,FALSE,2
CRH,93.06,TRUE,TRUE,FALSE,FALSE,FALSE,FALSE,2
CRK,15.48,TRUE,TRUE,FALSE,FALSE,FALSE,FALSE,2
CSV,40.22,TRUE,TRUE,FALSE,FALSE,FALSE,FALSE,2
CTBB,17.28,TRUE,TRUE,y_empty,q_no_gp,cant_fetch,cant_fetch,2
CTDD,17.45,TRUE,TRUE,y_empty,q_no_gp,cant_fetch,cant_fetch,2
CTO,19.42,TRUE,TRUE,FALSE,FALSE,FALSE,FALSE,2
CTS,52.83,TRUE,TRUE,FALSE,FALSE,FALSE,FALSE,2
CTVA,56.16,TRUE,TRUE,FALSE,FALSE,FALSE,FALSE,2
CUK,22.83,TRUE,TRUE,FALSE,FALSE,FALSE,FALSE,2
CUZ,29.83,TRUE,TRUE,FALSE,FALSE,FALSE,FALSE,2
CVLG,54,TRUE,TRUE,FALSE,FALSE,FALSE,FALSE,2
CVNA,222.98,TRUE,TRUE,FALSE,FALSE,FALSE,FALSE,2
CWK,12.95,TRUE,TRUE,FALSE,FALSE,FALSE,FALSE,2
CXM,9.15,TRUE,FALSE,TRUE,FALSE,FALSE,FALSE,2
DAL,60.38,TRUE,TRUE,FALSE,FALSE,FALSE,FALSE,2
DAO,7.07,TRUE,TRUE,FALSE,FALSE,FALSE,FALSE,2
DAY,74,TRUE,FALSE,FALSE,FALSE,TRUE,FALSE,2
DB,17.12,TRUE,TRUE,y_no_gp,q_no_gp,FALSE,FALSE,2
DBD,43.51,TRUE,TRUE,FALSE,FALSE,FALSE,FALSE,2
DCO,61.22,TRUE,TRUE,FALSE,FALSE,FALSE,FALSE,2
DDL,3.99,TRUE,TRUE,FALSE,FALSE,FALSE,FALSE,2
DDT,25.73,TRUE,TRUE,y_empty,q_no_gp,cant_fetch,cant_fetch,2
DEC,14.77,TRUE,TRUE,FALSE,q_no_gp,FALSE,cant_fetch,2
DEI,17.84,TRUE,TRUE,FALSE,FALSE,FALSE,FALSE,2
DFS,169.27,TRUE,TRUE,y_no_gp,q_no_gp,FALSE,FALSE,2
DGX,151.52,TRUE,TRUE,FALSE,FALSE,FALSE,FALSE,2
DHF,2.54,TRUE,TRUE,y_no_gp,q_no_gp,FALSE,cant_fetch,2
DIAX,14.65,TRUE,TRUE,y_no_gp,q_no_gp,FALSE,cant_fetch,2
DKS,217.59,TRUE,TRUE,FALSE,FALSE,FALSE,FALSE,2
DLNG,4.49,TRUE,TRUE,FALSE,FALSE,FALSE,FALSE,2
DLR,176.81,TRUE,TRUE,FALSE,FALSE,FALSE,FALSE,2
DLX,22.4,TRUE,TRUE,FALSE,FALSE,FALSE,FALSE,2
DLY,15.76,TRUE,TRUE,y_no_gp,q_no_gp,FALSE,cant_fetch,2
DMA,8.3461,TRUE,TRUE,y_no_gp,q_no_gp,FALSE,cant_fetch,2
DMO,12.02,TRUE,TRUE,y_no_gp,q_no_gp,FALSE,cant_fetch,2
DNB,12.22,TRUE,TRUE,FALSE,FALSE,FALSE,FALSE,2
DOCS,55.18,TRUE,TRUE,FALSE,FALSE,FALSE,FALSE,2
DOUG,1.65,TRUE,TRUE,FALSE,FALSE,FALSE,FALSE,2
DOV,188.94,TRUE,TRUE,FALSE,FALSE,FALSE,FALSE,2
DPG,11.15,TRUE,TRUE,y_no_gp,q_no_gp,FALSE,cant_fetch,2
DRI,183.44,TRUE,TRUE,FALSE,FALSE,FALSE,FALSE,2
DTF,11.04,TRUE,TRUE,y_no_gp,q_no_gp,FALSE,cant_fetch,2
DTM,97.53,TRUE,TRUE,FALSE,FALSE,FALSE,FALSE,2
DX,12.43,TRUE,TRUE,y_no_gp,q_no_gp,FALSE,FALSE,2
EAT,131.33,TRUE,TRUE,FALSE,FALSE,FALSE,FALSE,2
EBS,8.06,TRUE,TRUE,FALSE,FALSE,FALSE,FALSE,2
ECCC,22.98,TRUE,TRUE,y_no_gp,q_no_gp,FALSE,no data,2
ECCF,24.86,TRUE,TRUE,y_no_gp,q_no_gp,FALSE,no data,2
ECCV,22.65,TRUE,TRUE,y_empty,q_no_gp,cant_fetch,cant_fetch,2
ECCX,24.4868,TRUE,TRUE,y_empty,q_no_gp,cant_fetch,cant_fetch,2
EDN,42.48,TRUE,TRUE,FALSE,FALSE,FALSE,FALSE,2
EDR,31.09,TRUE,TRUE,FALSE,FALSE,FALSE,FALSE,2
EE,29.02,TRUE,TRUE,FALSE,FALSE,FALSE,FALSE,2
EFR,12.8,TRUE,TRUE,y_no_gp,q_no_gp,FALSE,cant_fetch,2
EFT,13.37,TRUE,TRUE,y_no_gp,q_no_gp,FALSE,cant_fetch,2
EFXT,9.41,TRUE,TRUE,FALSE,FALSE,FALSE,FALSE,2
EHC,93.83,TRUE,TRUE,FALSE,FALSE,FALSE,FALSE,2
EICA,23.5858,TRUE,TRUE,y_no_gp,q_no_gp,FALSE,no data,2
EIG,50.54,TRUE,TRUE,y_no_gp,q_no_gp,FALSE,FALSE,2
EMO,44.39,TRUE,TRUE,y_no_gp,q_no_gp,FALSE,cant_fetch,2
EMR,122.35,TRUE,TRUE,FALSE,FALSE,FALSE,FALSE,2
ENB,40.71,TRUE,TRUE,FALSE,FALSE,FALSE,FALSE,2
ENLC,13.78,TRUE,TRUE,FALSE,FALSE,FALSE,FALSE,2
ENR,35.6,TRUE,TRUE,FALSE,FALSE,FALSE,FALSE,2
ENVA,94.99,TRUE,TRUE,FALSE,FALSE,FALSE,FALSE,2
EOD,4.76,TRUE,TRUE,y_no_gp,q_no_gp,FALSE,cant_fetch,2
EOI,20.86,TRUE,TRUE,y_no_gp,q_no_gp,FALSE,cant_fetch,2
EOS,23.6,TRUE,TRUE,y_no_gp,q_no_gp,FALSE,cant_fetch,2
EPAC,44.87,TRUE,TRUE,FALSE,FALSE,FALSE,FALSE,2
EPD,30.53,TRUE,TRUE,FALSE,FALSE,FALSE,FALSE,2
EQBK,42.36,TRUE,TRUE,y_no_gp,q_no_gp,FALSE,FALSE,2
EQC,1.74,TRUE,TRUE,FALSE,FALSE,FALSE,FALSE,2
EQH,44.98,TRUE,TRUE,y_no_gp,q_no_gp,FALSE,FALSE,2
EQT,42.65,TRUE,TRUE,FALSE,FALSE,FALSE,FALSE,2
ERJ,36.58,TRUE,TRUE,FALSE,FALSE,FALSE,FALSE,2
ESAB,122.12,TRUE,TRUE,FALSE,FALSE,FALSE,FALSE,2
ESE,133.46,TRUE,TRUE,FALSE,FALSE,FALSE,FALSE,2
ESS,279.01,TRUE,TRUE,FALSE,FALSE,FALSE,FALSE,2
ESTC,103.71,TRUE,FALSE,TRUE,FALSE,FALSE,FALSE,2
ET,18.27,TRUE,TRUE,FALSE,FALSE,FALSE,FALSE,2
ETB,14.8,TRUE,TRUE,y_no_gp,q_no_gp,FALSE,cant_fetch,2
ETJ,9.14,TRUE,TRUE,y_no_gp,q_no_gp,FALSE,cant_fetch,2
ETO,25.2,TRUE,TRUE,y_no_gp,q_no_gp,FALSE,cant_fetch,2
ETR,74.49,TRUE,TRUE,FALSE,FALSE,FALSE,FALSE,2
ETV,14.04,TRUE,TRUE,y_no_gp,q_no_gp,FALSE,cant_fetch,2
ETW,8.36,TRUE,TRUE,y_no_gp,q_no_gp,FALSE,cant_fetch,2
ETY,14.8,TRUE,TRUE,y_no_gp,q_no_gp,FALSE,cant_fetch,2
EVC,2.46,TRUE,TRUE,FALSE,FALSE,FALSE,FALSE,2
EVF,6.14,TRUE,TRUE,y_no_gp,q_no_gp,FALSE,cant_fetch,2
EVG,10.98,TRUE,TRUE,y_no_gp,q_no_gp,FALSE,cant_fetch,2
EVR,270.57,TRUE,TRUE,y_no_gp,q_no_gp,FALSE,FALSE,2
EVRI,13.5,TRUE,TRUE,FALSE,FALSE,FALSE,FALSE,2
EVT,23.75,TRUE,TRUE,y_no_gp,q_no_gp,FALSE,cant_fetch,2
EXG,8.19,TRUE,TRUE,y_no_gp,q_no_gp,FALSE,cant_fetch,2
FAF,61.55,TRUE,TRUE,y_no_gp,q_no_gp,FALSE,FALSE,2
FBK,51.04,TRUE,TRUE,y_no_gp,q_no_gp,FALSE,FALSE,2
FBMS,33.93,TRUE,TRUE,y_no_gp,q_no_gp,FALSE,FALSE,2
FCF,16.79,TRUE,TRUE,y_no_gp,q_no_gp,FALSE,FALSE,2
FCT,10.27,TRUE,TRUE,y_no_gp,q_no_gp,FALSE,cant_fetch,2
FDP,33.03,TRUE,TRUE,FALSE,FALSE,FALSE,FALSE,2
FDX,275.88,TRUE,TRUE,FALSE,FALSE,FALSE,FALSE,2
FFA,20.01,TRUE,TRUE,y_no_gp,q_no_gp,FALSE,cant_fetch,2
FG,41.37,TRUE,TRUE,y_no_gp,q_no_gp,FALSE,FALSE,2
FGB,4.16,TRUE,TRUE,y_no_gp,q_no_gp,FALSE,cant_fetch,2
FHI,40.77,TRUE,TRUE,FALSE,FALSE,FALSE,FALSE,2
FHN,19.27,TRUE,TRUE,y_no_gp,q_no_gp,FALSE,FALSE,2
FI,202.26,TRUE,TRUE,FALSE,FALSE,FALSE,FALSE,2
FIHL,17.77,TRUE,FALSE,y_no_gp,q_no_gp,TRUE,FALSE,2
FINV,6.8,TRUE,TRUE,FALSE,FALSE,FALSE,FALSE,2
FLR,50.08,TRUE,TRUE,FALSE,FALSE,FALSE,FALSE,2
FLS,58.15,TRUE,TRUE,FALSE,FALSE,FALSE,FALSE,2
FLUT,261.34,TRUE,TRUE,FALSE,FALSE,FALSE,FALSE,2
FMS,22.48,TRUE,TRUE,FALSE,FALSE,FALSE,FALSE,2
FNB,14.4,TRUE,TRUE,y_no_gp,q_no_gp,FALSE,FALSE,2
FOA,24.5,TRUE,TRUE,y_no_gp,q_no_gp,FALSE,FALSE,2
FOF,12.36,TRUE,TRUE,y_no_gp,q_no_gp,FALSE,cant_fetch,2
FPI,12.1,TRUE,TRUE,FALSE,FALSE,FALSE,FALSE,2
FRA,13.85,TRUE,TRUE,y_no_gp,q_no_gp,FALSE,cant_fetch,2
FRT,109.55,TRUE,TRUE,FALSE,FALSE,FALSE,FALSE,2
FSCO,6.68,TRUE,TRUE,y_no_gp,q_no_gp,FALSE,cant_fetch,2
FSK,21.22,TRUE,TRUE,y_no_gp,q_no_gp,FALSE,FALSE,2
FSS,91.77,TRUE,TRUE,FALSE,FALSE,FALSE,FALSE,2
FT,7.22,TRUE,TRUE,y_no_gp,q_no_gp,FALSE,cant_fetch,2
FTHY,14.43,TRUE,TRUE,y_no_gp,q_no_gp,FALSE,cant_fetch,2
FTI,28.63,TRUE,TRUE,FALSE,FALSE,FALSE,FALSE,2
FTK,7.36,TRUE,TRUE,FALSE,FALSE,FALSE,FALSE,2
FUBO,1.32,TRUE,FALSE,FALSE,FALSE,TRUE,FALSE,2
FUN,46.4,TRUE,TRUE,FALSE,FALSE,FALSE,FALSE,2
FVRR,32,TRUE,TRUE,FALSE,FALSE,FALSE,FALSE,2
G,42.3,TRUE,TRUE,FALSE,FALSE,FALSE,FALSE,2
GAB,5.36,TRUE,TRUE,y_no_gp,q_no_gp,FALSE,cant_fetch,2
GATX,156.8,TRUE,TRUE,FALSE,FALSE,FALSE,FALSE,2
GBCI,49.55,TRUE,TRUE,y_no_gp,q_no_gp,FALSE,FALSE,2
GBLI,36,TRUE,TRUE,y_no_gp,q_no_gp,FALSE,FALSE,2
GBTG,9.32,TRUE,TRUE,FALSE,FALSE,FALSE,insufficient,2
GCO,40.59,TRUE,TRUE,FALSE,FALSE,FALSE,FALSE,2
GCV,3.8,TRUE,TRUE,y_no_gp,q_no_gp,FALSE,insufficient,2
GDDY,202.94,TRUE,TRUE,FALSE,FALSE,FALSE,FALSE,2
GDV,23.77,TRUE,TRUE,y_no_gp,q_no_gp,FALSE,cant_fetch,2
GEO,28,TRUE,TRUE,FALSE,FALSE,FALSE,FALSE,2
GGZ,12.14,TRUE,TRUE,y_no_gp,q_no_gp,FALSE,cant_fetch,2
GHM,40.6,TRUE,TRUE,FALSE,FALSE,FALSE,FALSE,2
GHY,12.46,TRUE,TRUE,y_no_gp,q_no_gp,FALSE,cant_fetch,2
GIL,46.77,TRUE,TRUE,FALSE,FALSE,FALSE,FALSE,2
GJH,9.6922,TRUE,TRUE,y_empty,q_no_gp,cant_fetch,cant_fetch,2
GJO,24.99,TRUE,TRUE,y_empty,q_no_gp,cant_fetch,cant_fetch,2
GJP,25.04,TRUE,TRUE,y_empty,q_no_gp,cant_fetch,cant_fetch,2
GJR,24.95,TRUE,TRUE,y_empty,q_no_gp,cant_fetch,cant_fetch,2
GJS,23.05,TRUE,TRUE,y_empty,q_no_gp,cant_fetch,cant_fetch,2
GJT,22.7402,TRUE,TRUE,y_empty,q_no_gp,cant_fetch,cant_fetch,2
GKOS,143.74,TRUE,TRUE,FALSE,FALSE,FALSE,FALSE,2
GL,105.91,TRUE,TRUE,y_no_gp,q_no_gp,FALSE,FALSE,2
GLOB,223.28,TRUE,TRUE,FALSE,FALSE,FALSE,FALSE,2
GLP,47.04,TRUE,TRUE,FALSE,FALSE,FALSE,FALSE,2
GLW,47.06,TRUE,TRUE,FALSE,FALSE,FALSE,FALSE,2
GM,50.34,TRUE,TRUE,FALSE,FALSE,FALSE,FALSE,2
GME,29,TRUE,TRUE,FALSE,FALSE,FALSE,FALSE,2
GMED,81.94,TRUE,TRUE,FALSE,FALSE,FALSE,FALSE,2
GNRC,156.12,TRUE,TRUE,FALSE,FALSE,FALSE,FALSE,2
GNTY,33.82,TRUE,TRUE,y_no_gp,q_no_gp,FALSE,FALSE,2
GNW,6.96,TRUE,TRUE,y_no_gp,q_no_gp,FALSE,FALSE,2
GOF,15.08,TRUE,TRUE,y_no_gp,q_no_gp,FALSE,cant_fetch,2
GOLF,69.25,TRUE,TRUE,FALSE,FALSE,FALSE,FALSE,2
GRC,39.59,TRUE,TRUE,FALSE,FALSE,FALSE,FALSE,2
GRMN,205.42,TRUE,TRUE,FALSE,FALSE,FALSE,FALSE,2
GTES,20.23,TRUE,TRUE,FALSE,FALSE,FALSE,FALSE,2
GTY,30.26,TRUE,TRUE,FALSE,FALSE,FALSE,FALSE,2
GVA,90,TRUE,TRUE,FALSE,FALSE,FALSE,FALSE,2
GWRE,172.06,TRUE,TRUE,FALSE,FALSE,FALSE,FALSE,2
HAYW,15.34,TRUE,TRUE,FALSE,FALSE,FALSE,FALSE,2
HBI,8.1,TRUE,TRUE,FALSE,FALSE,FALSE,FALSE,2
HDB,64.32,TRUE,TRUE,y_no_gp,q_no_gp,FALSE,FALSE,2
HESM,35.86,TRUE,TRUE,FALSE,FALSE,FALSE,FALSE,2
HG,18.96,TRUE,TRUE,y_no_gp,q_no_gp,FALSE,FALSE,2
HGTY,10.62,TRUE,TRUE,y_no_gp,q_no_gp,FALSE,FALSE,2
HHH,75.32,TRUE,TRUE,FALSE,FALSE,FALSE,FALSE,2
HIO,3.91,TRUE,TRUE,y_no_gp,q_no_gp,FALSE,cant_fetch,2
HIX,4.26,TRUE,TRUE,y_no_gp,q_no_gp,FALSE,cant_fetch,2
HLI,172.74,TRUE,TRUE,FALSE,FALSE,FALSE,FALSE,2
HLT,245.75,TRUE,TRUE,FALSE,FALSE,FALSE,FALSE,2
HMN,39.43,TRUE,TRUE,y_no_gp,q_no_gp,FALSE,FALSE,2
HNI,50.93,TRUE,TRUE,FALSE,FALSE,FALSE,FALSE,2
HOMB,28.11,TRUE,TRUE,y_no_gp,q_no_gp,FALSE,FALSE,2
HPE,20.76,TRUE,TRUE,FALSE,FALSE,FALSE,FALSE,2
HRI,183.7,TRUE,TRUE,FALSE,FALSE,FALSE,FALSE,2
HRTG,11.52,TRUE,TRUE,y_no_gp,q_no_gp,FALSE,FALSE,2
HSBC,48.15,TRUE,TRUE,y_no_gp,q_no_gp,FALSE,FALSE,2
HTFB,24.45,TRUE,TRUE,y_empty,q_no_gp,cant_fetch,cant_fetch,2
HTFC,24.12,TRUE,TRUE,y_empty,q_no_gp,cant_fetch,cant_fetch,2
HWM,109.35,TRUE,TRUE,FALSE,FALSE,FALSE,FALSE,2
HYAC,10.76,TRUE,TRUE,y_empty,q_no_gp,cant_fetch,FALSE,2
HYB,8.14,TRUE,TRUE,y_no_gp,q_no_gp,FALSE,cant_fetch,2
HYT,9.64,TRUE,TRUE,y_no_gp,q_no_gp,FALSE,cant_fetch,2
IAG,5.09,TRUE,TRUE,FALSE,FALSE,FALSE,FALSE,2
IBM,223.92,TRUE,TRUE,FALSE,FALSE,FALSE,FALSE,2
IBN,30.07,TRUE,TRUE,y_no_gp,q_no_gp,FALSE,FALSE,2
IDT,47.87,TRUE,TRUE,FALSE,FALSE,FALSE,FALSE,2
IFS,28.94,TRUE,TRUE,y_no_gp,q_no_gp,FALSE,FALSE,2
IGA,9.13,TRUE,TRUE,y_no_gp,q_no_gp,FALSE,cant_fetch,2
IGD,5.34,TRUE,TRUE,y_no_gp,q_no_gp,FALSE,cant_fetch,2
IMAX,24.85,TRUE,TRUE,FALSE,FALSE,FALSE,FALSE,2
INFY,23.42,TRUE,TRUE,FALSE,FALSE,FALSE,FALSE,2
INGR,138.78,TRUE,TRUE,FALSE,FALSE,FALSE,FALSE,2
INSP,185.42,FALSE,FALSE,TRUE,FALSE,TRUE,FALSE,2
IONQ,37.76,TRUE,TRUE,FALSE,FALSE,insufficient,FALSE,2
IP,53.84,TRUE,TRUE,FALSE,FALSE,FALSE,FALSE,2
IRS,15.04,TRUE,TRUE,FALSE,FALSE,FALSE,FALSE,2
IRT,19.91,TRUE,TRUE,FALSE,FALSE,FALSE,FALSE,2
ISD,13.43,TRUE,TRUE,y_no_gp,q_no_gp,FALSE,cant_fetch,2
ITGR,132.89,TRUE,TRUE,FALSE,FALSE,FALSE,FALSE,2
ITT,142.53,TRUE,TRUE,FALSE,FALSE,FALSE,FALSE,2
IVT,29.56,TRUE,TRUE,FALSE,FALSE,FALSE,FALSE,2
IVZ,16.78,TRUE,TRUE,FALSE,FALSE,FALSE,FALSE,2
J,134.06,TRUE,TRUE,FALSE,FALSE,FALSE,FALSE,2
JBK,26.45,TRUE,TRUE,y_empty,q_no_gp,cant_fetch,cant_fetch,2
JBT,123.6,TRUE,TRUE,FALSE,FALSE,FALSE,FALSE,2
JCE,15.23,TRUE,TRUE,y_no_gp,q_no_gp,FALSE,cant_fetch,2
JCI,78.71,TRUE,TRUE,FALSE,FALSE,FALSE,FALSE,2
JEF,75.26,TRUE,TRUE,FALSE,FALSE,FALSE,FALSE,2
JFR,8.75,TRUE,TRUE,y_no_gp,q_no_gp,FALSE,cant_fetch,2
JGH,12.85,TRUE,TRUE,y_no_gp,q_no_gp,FALSE,cant_fetch,2
JHG,41.7,TRUE,TRUE,FALSE,FALSE,FALSE,FALSE,2
JHI,13.73,TRUE,TRUE,y_no_gp,q_no_gp,FALSE,cant_fetch,2
JLL,246.93,TRUE,TRUE,FALSE,q_no_gp,FALSE,FALSE,2
JLS,17.91,TRUE,TRUE,y_no_gp,q_no_gp,FALSE,cant_fetch,2
JOBY,7.23,TRUE,TRUE,y_insuffidata,q_insuffidata,insufficient,FALSE,2
JPC,7.83,TRUE,TRUE,y_no_gp,q_no_gp,FALSE,cant_fetch,2
JPM,232.96,TRUE,TRUE,y_no_gp,q_no_gp,FALSE,FALSE,2
JQC,5.69,TRUE,TRUE,y_no_gp,q_no_gp,FALSE,cant_fetch,2
JRS,8.09,TRUE,TRUE,y_no_gp,q_no_gp,FALSE,cant_fetch,2
JWN,24.06,TRUE,TRUE,FALSE,FALSE,FALSE,FALSE,2
JXN,86.33,TRUE,TRUE,y_no_gp,q_no_gp,FALSE,FALSE,2
K,80.34,TRUE,TRUE,FALSE,FALSE,FALSE,FALSE,2
KAR,20.29,TRUE,TRUE,FALSE,FALSE,FALSE,FALSE,2
KBDC,16.43,TRUE,FALSE,y_no_gp,q_no_gp,TRUE,FALSE,2
KD,34.18,TRUE,TRUE,FALSE,FALSE,FALSE,FALSE,2
KEN,29.34,TRUE,TRUE,FALSE,FALSE,FALSE,FALSE,2
KEY,16.81,TRUE,TRUE,y_no_gp,q_no_gp,FALSE,FALSE,2
KGS,38.94,TRUE,TRUE,FALSE,FALSE,FALSE,FALSE,2
KIM,23.01,TRUE,TRUE,FALSE,FALSE,FALSE,FALSE,2
KKR,143.53,TRUE,TRUE,FALSE,FALSE,FALSE,FALSE,2
KMI,26.24,TRUE,TRUE,FALSE,FALSE,FALSE,FALSE,2
KMPB,22.9,TRUE,TRUE,y_empty,q_no_gp,cant_fetch,cant_fetch,2
KMPR,64.19,TRUE,TRUE,y_no_gp,q_no_gp,FALSE,FALSE,2
KMX,84.23,TRUE,TRUE,FALSE,FALSE,FALSE,FALSE,2
KN,19.54,TRUE,TRUE,FALSE,FALSE,FALSE,FALSE,2
KNF,100.03,TRUE,TRUE,FALSE,FALSE,FALSE,FALSE,2
KNTK,54.57,TRUE,TRUE,FALSE,FALSE,FALSE,FALSE,2
KNX,52.28,TRUE,TRUE,FALSE,FALSE,FALSE,FALSE,2
KODK,6.88,TRUE,TRUE,FALSE,FALSE,FALSE,insufficient,2
KRC,38.91,TRUE,TRUE,FALSE,FALSE,FALSE,FALSE,2
KRG,24.49,TRUE,TRUE,FALSE,FALSE,FALSE,FALSE,2
KT,16.12,TRUE,TRUE,FALSE,FALSE,FALSE,FALSE,2
KTB,86.27,TRUE,TRUE,FALSE,FALSE,FALSE,FALSE,2
KVUE,21.61,TRUE,TRUE,FALSE,FALSE,FALSE,FALSE,2
KYN,11.81,TRUE,TRUE,y_no_gp,q_no_gp,FALSE,FALSE,2
L,81.66,TRUE,TRUE,y_no_gp,q_no_gp,FALSE,FALSE,2
LADR,11.2,TRUE,TRUE,y_no_gp,q_no_gp,FALSE,FALSE,2
LANV,1.96,TRUE,TRUE,FALSE,q_no_gp,FALSE,cant_fetch,2
LAZ,50.49,TRUE,TRUE,FALSE,FALSE,FALSE,FALSE,2
LC,16.3,TRUE,TRUE,y_no_gp,q_no_gp,FALSE,FALSE,2
LFT,2.72,TRUE,TRUE,y_no_gp,q_no_gp,FALSE,FALSE,2
LH,226.97,TRUE,TRUE,FALSE,FALSE,FALSE,FALSE,2
LNG,205.94,TRUE,TRUE,FALSE,FALSE,FALSE,FALSE,2
LNN,123.09,TRUE,TRUE,FALSE,FALSE,FALSE,FALSE,2
LOMA,11.79,TRUE,TRUE,FALSE,FALSE,FALSE,FALSE,2
LPX,103.14,TRUE,TRUE,FALSE,FALSE,FALSE,FALSE,2
LRN,106.08,TRUE,TRUE,FALSE,FALSE,FALSE,FALSE,2
LTC,34.81,TRUE,TRUE,FALSE,FALSE,FALSE,FALSE,2
LTM,27.57,TRUE,FALSE,FALSE,FALSE,TRUE,FALSE,2
LUMN,6.06,TRUE,TRUE,FALSE,FALSE,FALSE,FALSE,2
LUV,32.78,TRUE,TRUE,FALSE,FALSE,FALSE,FALSE,2
LZB,42.54,TRUE,TRUE,FALSE,FALSE,FALSE,FALSE,2
MAA,149.43,TRUE,TRUE,FALSE,FALSE,FALSE,FALSE,2
MAC,19.92,TRUE,TRUE,FALSE,FALSE,FALSE,FALSE,2
MAIN,55.61,TRUE,TRUE,y_no_gp,q_no_gp,FALSE,FALSE,2
MANU,17.08,TRUE,TRUE,y_no_gp,q_no_gp,FALSE,FALSE,2
MATX,136.73,TRUE,TRUE,FALSE,FALSE,FALSE,FALSE,2
MC,71.72,TRUE,TRUE,FALSE,FALSE,FALSE,FALSE,2
MCB,58.48,TRUE,TRUE,y_no_gp,q_no_gp,FALSE,FALSE,2
MCI,19.6,TRUE,TRUE,y_no_gp,q_no_gp,FALSE,cant_fetch,2
MCS,21.44,TRUE,TRUE,FALSE,FALSE,FALSE,FALSE,2
MCY,68.19,TRUE,TRUE,y_no_gp,q_no_gp,FALSE,FALSE,2
MD,14.25,TRUE,TRUE,FALSE,FALSE,FALSE,FALSE,2
MDU,17.98,TRUE,TRUE,FALSE,FALSE,FALSE,FALSE,2
MET,80.11,TRUE,TRUE,y_no_gp,q_no_gp,FALSE,FALSE,2
MFAN,25.24,TRUE,TRUE,y_empty,q_no_gp,cant_fetch,cant_fetch,2
MFC,30.08,TRUE,TRUE,y_no_gp,q_no_gp,FALSE,FALSE,2
MFG,4.87,TRUE,TRUE,y_no_gp,q_no_gp,FALSE,FALSE,2
MHI,9.39,TRUE,TRUE,y_no_gp,q_no_gp,FALSE,cant_fetch,2
MIR,17.57,TRUE,TRUE,FALSE,FALSE,insufficient,FALSE,2
MITN,25.165,TRUE,TRUE,y_empty,q_no_gp,cant_fetch,cant_fetch,2
MLI,79.49,TRUE,TRUE,FALSE,FALSE,FALSE,FALSE,2
MLNK,21.09,TRUE,TRUE,FALSE,FALSE,FALSE,FALSE,2
MLR,67.17,TRUE,TRUE,FALSE,FALSE,FALSE,FALSE,2
MMI,37.64,TRUE,TRUE,FALSE,FALSE,FALSE,FALSE,2
MO,52.99,TRUE,TRUE,FALSE,FALSE,FALSE,FALSE,2
MOV,19.57,TRUE,FALSE,FALSE,FALSE,FALSE,TRUE,2
MP,16.18,TRUE,TRUE,FALSE,FALSE,FALSE,FALSE,2
MPLX,46.14,TRUE,TRUE,FALSE,FALSE,FALSE,FALSE,2
MPV,17.07,TRUE,TRUE,y_no_gp,q_no_gp,FALSE,cant_fetch,2
MS,120.5,TRUE,TRUE,y_no_gp,q_no_gp,FALSE,FALSE,2
MSB,29.35,TRUE,TRUE,FALSE,q_no_gp,FALSE,FALSE,2
MSDL,20.64,TRUE,TRUE,y_no_gp,q_no_gp,FALSE,FALSE,2
MSGS,223.79,TRUE,TRUE,FALSE,FALSE,FALSE,FALSE,2
MTB,185.42,TRUE,TRUE,y_no_gp,q_no_gp,FALSE,FALSE,2
MUE,10.15,TRUE,TRUE,y_no_gp,q_no_gp,FALSE,cant_fetch,2
MUFG,11.5,TRUE,TRUE,y_no_gp,q_no_gp,FALSE,FALSE,2
MUI,12.18,TRUE,TRUE,y_no_gp,q_no_gp,FALSE,cant_fetch,2
MWA,22.87,TRUE,TRUE,FALSE,FALSE,FALSE,FALSE,2
MYTE,7.05,TRUE,TRUE,FALSE,FALSE,FALSE,FALSE,2
NATL,31.83,TRUE,TRUE,FALSE,FALSE,FALSE,FALSE,2
NAZ,11.38,TRUE,TRUE,y_no_gp,q_no_gp,FALSE,cant_fetch,2
NBHC,42.64,TRUE,TRUE,y_no_gp,q_no_gp,FALSE,FALSE,2
NBXG,12.72,TRUE,TRUE,y_no_gp,q_no_gp,FALSE,cant_fetch,2
NCLH,25.41,TRUE,TRUE,FALSE,FALSE,FALSE,FALSE,2
NCV,3.46,TRUE,TRUE,y_no_gp,q_no_gp,FALSE,cant_fetch,2
NCZ,3.13,TRUE,TRUE,y_no_gp,q_no_gp,FALSE,cant_fetch,2
NDP,39.64,TRUE,TRUE,y_no_gp,q_no_gp,FALSE,cant_fetch,2
NEXA,8.13,TRUE,TRUE,FALSE,FALSE,FALSE,FALSE,2
NFG,59.33,TRUE,TRUE,FALSE,FALSE,FALSE,FALSE,2
NFJ,12.16,TRUE,TRUE,y_no_gp,q_no_gp,FALSE,cant_fetch,2
NGVC,39.16,TRUE,TRUE,FALSE,FALSE,FALSE,FALSE,2
NI,35.87,TRUE,TRUE,FALSE,FALSE,FALSE,FALSE,2
NIC,105.51,TRUE,TRUE,y_no_gp,q_no_gp,FALSE,FALSE,2
NIE,23.49,TRUE,TRUE,y_no_gp,q_no_gp,FALSE,cant_fetch,2
NJR,46.03,TRUE,TRUE,FALSE,FALSE,FALSE,FALSE,2
NLOP,30.69,TRUE,TRUE,FALSE,FALSE,FALSE,FALSE,2
NMS,12.73,TRUE,TRUE,y_no_gp,q_no_gp,FALSE,cant_fetch,2
NMT,11.49,TRUE,TRUE,y_no_gp,q_no_gp,FALSE,cant_fetch,2
NOM,11.74,TRUE,TRUE,y_no_gp,q_no_gp,FALSE,cant_fetch,2
NOVA,3.37,FALSE,FALSE,TRUE,FALSE,TRUE,FALSE,2
NPFD,18.62,TRUE,TRUE,y_no_gp,q_no_gp,FALSE,cant_fetch,2
NPO,175.4,TRUE,TRUE,FALSE,FALSE,FALSE,FALSE,2
NPV,12.93,TRUE,TRUE,y_no_gp,q_no_gp,FALSE,cant_fetch,2
NRDY,1.6,TRUE,FALSE,TRUE,FALSE,FALSE,FALSE,2
NREF,15.95,TRUE,TRUE,y_no_gp,q_no_gp,FALSE,FALSE,2
NRG,89.25,TRUE,TRUE,FALSE,FALSE,FALSE,FALSE,2
NRP,103.25,TRUE,TRUE,FALSE,FALSE,FALSE,FALSE,2
NTB,35.97,TRUE,TRUE,y_no_gp,q_no_gp,FALSE,FALSE,2
NTG,51.939,TRUE,TRUE,y_no_gp,q_no_gp,FALSE,cant_fetch,2
NTST,13.84,FALSE,FALSE,TRUE,FALSE,TRUE,FALSE,2
NWG,10.07,TRUE,TRUE,y_no_gp,q_no_gp,FALSE,FALSE,2
NWN,39.61,TRUE,TRUE,FALSE,FALSE,FALSE,FALSE,2
NXG,40.72,TRUE,TRUE,y_no_gp,q_no_gp,FALSE,cant_fetch,2
NXRT,41.64,TRUE,TRUE,FALSE,FALSE,FALSE,FALSE,2
O,51.76,FALSE,FALSE,TRUE,FALSE,TRUE,FALSE,2
OBDC,15.16,TRUE,TRUE,y_no_gp,q_no_gp,FALSE,FALSE,2
OBDE,14.95,TRUE,FALSE,y_no_gp,q_no_gp,TRUE,FALSE,2
OBK,32.77,TRUE,TRUE,y_no_gp,q_no_gp,FALSE,FALSE,2
OFG,41,TRUE,TRUE,y_no_gp,q_no_gp,FALSE,FALSE,2
OKE,97.66,TRUE,TRUE,FALSE,FALSE,FALSE,FALSE,2
OLP,27.38,TRUE,TRUE,FALSE,FALSE,FALSE,FALSE,2
OMF,51.18,TRUE,TRUE,y_no_gp,q_no_gp,FALSE,FALSE,2
ONIT,31.05,TRUE,TRUE,FALSE,FALSE,FALSE,FALSE,2
ONL,3.76,TRUE,TRUE,FALSE,FALSE,FALSE,FALSE,2
OOMA,14.41,TRUE,TRUE,FALSE,FALSE,FALSE,FALSE,2
OPFI,7.22,TRUE,TRUE,FALSE,FALSE,FALSE,FALSE,2
OPY,61.81,TRUE,TRUE,FALSE,FALSE,FALSE,FALSE,2
ORC,7.84,TRUE,TRUE,y_no_gp,q_no_gp,FALSE,FALSE,2
ORCL,168.79,TRUE,TRUE,FALSE,FALSE,FALSE,FALSE,2
ORI,35.69,TRUE,TRUE,y_no_gp,q_no_gp,FALSE,FALSE,2
OUT,17.59,TRUE,TRUE,FALSE,FALSE,FALSE,FALSE,2
OWLT,4.46,TRUE,TRUE,FALSE,FALSE,FALSE,FALSE,2
PAG,157,TRUE,TRUE,FALSE,FALSE,FALSE,FALSE,2
PAM,84.97,TRUE,TRUE,FALSE,FALSE,FALSE,FALSE,2
PAR,75.5,TRUE,TRUE,FALSE,FALSE,FALSE,FALSE,2
PATH,12.74,TRUE,FALSE,TRUE,FALSE,FALSE,FALSE,2
PB,74.11,TRUE,TRUE,y_no_gp,q_no_gp,FALSE,FALSE,2
PBH,78.66,TRUE,TRUE,FALSE,FALSE,FALSE,FALSE,2
PBI,7.15,TRUE,TRUE,FALSE,FALSE,FALSE,FALSE,2
PCG,19.42,TRUE,TRUE,FALSE,FALSE,FALSE,FALSE,2
PDX,24.39,TRUE,TRUE,y_no_gp,q_no_gp,FALSE,cant_fetch,2
PFGC,84.46,TRUE,TRUE,FALSE,FALSE,FALSE,FALSE,2
PFS,18.64,TRUE,TRUE,y_no_gp,q_no_gp,FALSE,FALSE,2
PG,169.19,TRUE,TRUE,FALSE,FALSE,FALSE,FALSE,2
PGR,239.71,TRUE,TRUE,y_no_gp,q_no_gp,FALSE,FALSE,2
PHD,9.61,TRUE,TRUE,y_no_gp,q_no_gp,FALSE,cant_fetch,2
PHIN,47.51,TRUE,TRUE,FALSE,FALSE,FALSE,FALSE,2
PHX,3.82,TRUE,TRUE,FALSE,FALSE,FALSE,FALSE,2
PIPR,292.63,TRUE,TRUE,y_no_gp,q_no_gp,FALSE,FALSE,2
PJT,152.86,TRUE,TRUE,FALSE,FALSE,FALSE,FALSE,2
PKG,226.21,TRUE,TRUE,FALSE,FALSE,FALSE,FALSE,2
PLNT,99.18,TRUE,TRUE,FALSE,FALSE,FALSE,FALSE,2
PM,122.17,TRUE,TRUE,FALSE,FALSE,FALSE,FALSE,2
PNC,190.03,TRUE,TRUE,y_no_gp,q_no_gp,FALSE,FALSE,2
PNR,100.98,TRUE,TRUE,FALSE,FALSE,FALSE,FALSE,2
PNW,84.6,TRUE,TRUE,FALSE,FALSE,FALSE,FALSE,2
POST,114.37,TRUE,TRUE,FALSE,FALSE,FALSE,FALSE,2
PPL,32.02,TRUE,TRUE,FALSE,FALSE,FALSE,FALSE,2
PR,13.52,TRUE,FALSE,FALSE,FALSE,TRUE,FALSE,2
PRA,15.83,TRUE,TRUE,y_no_gp,q_no_gp,FALSE,FALSE,2
PRI,266.84,TRUE,TRUE,y_no_gp,q_no_gp,FALSE,FALSE,2
PRIM,80.04,TRUE,TRUE,FALSE,FALSE,FALSE,FALSE,2
PRMB,30.46,TRUE,TRUE,FALSE,FALSE,FALSE,FALSE,2
PSO,15.82,TRUE,TRUE,FALSE,q_no_gp,FALSE,cant_fetch,2
PSTG,62.34,TRUE,TRUE,FALSE,FALSE,FALSE,FALSE,2
PTY,14.28,TRUE,TRUE,y_no_gp,q_no_gp,FALSE,cant_fetch,2
QGEN,44.32,TRUE,TRUE,FALSE,FALSE,FALSE,FALSE,2
QTWO,103.06,TRUE,TRUE,FALSE,FALSE,FALSE,FALSE,2
QUAD,7.68,TRUE,TRUE,FALSE,FALSE,FALSE,FALSE,2
R,155.66,TRUE,TRUE,FALSE,FALSE,FALSE,FALSE,2
RBA,90.86,TRUE,TRUE,FALSE,FALSE,FALSE,FALSE,2
RBLX,58.91,TRUE,TRUE,FALSE,FALSE,FALSE,FALSE,2
RCB,24.35,TRUE,TRUE,y_empty,q_no_gp,cant_fetch,cant_fetch,2
RCC,25,TRUE,TRUE,y_empty,q_no_gp,cant_fetch,cant_fetch,2
RCS,7.35,TRUE,TRUE,y_no_gp,q_no_gp,FALSE,cant_fetch,2
RDW,12.7,TRUE,TRUE,FALSE,FALSE,FALSE,FALSE,2
REVG,32.11,TRUE,TRUE,FALSE,FALSE,FALSE,FALSE,2
REXR,37.97,FALSE,FALSE,TRUE,FALSE,TRUE,FALSE,2
RF,23.17,TRUE,TRUE,y_no_gp,q_no_gp,FALSE,FALSE,2
RJF,150.86,TRUE,TRUE,y_no_gp,q_no_gp,FALSE,FALSE,2
RL,222.46,TRUE,TRUE,FALSE,FALSE,FALSE,FALSE,2
RLI,165.15,TRUE,TRUE,y_no_gp,q_no_gp,FALSE,FALSE,2
RM,32.94,TRUE,TRUE,y_no_gp,q_no_gp,FALSE,FALSE,2
RMAX,10.63,TRUE,TRUE,FALSE,FALSE,FALSE,FALSE,2
RMD,231.58,TRUE,TRUE,FALSE,FALSE,FALSE,FALSE,2
RMT,9.49,TRUE,TRUE,y_no_gp,q_no_gp,FALSE,cant_fetch,2
RNG,37.16,TRUE,TRUE,FALSE,FALSE,FALSE,FALSE,2
RNGR,14.23,TRUE,TRUE,FALSE,FALSE,FALSE,FALSE,2
RNST,34.64,TRUE,TRUE,y_no_gp,q_no_gp,FALSE,FALSE,2
RPM,125.4,TRUE,TRUE,FALSE,FALSE,FALSE,FALSE,2
RSF,15.141,TRUE,TRUE,y_no_gp,q_no_gp,FALSE,cant_fetch,2
RSG,203.95,TRUE,TRUE,FALSE,FALSE,FALSE,FALSE,2
RSI,13.14,TRUE,TRUE,FALSE,FALSE,FALSE,FALSE,2
RVLV,33.76,TRUE,TRUE,FALSE,FALSE,FALSE,FALSE,2
RVT,15.21,TRUE,TRUE,y_no_gp,q_no_gp,FALSE,cant_fetch,2
RY,119.72,TRUE,TRUE,y_no_gp,q_no_gp,FALSE,FALSE,2
RZC,26.32,TRUE,TRUE,y_empty,q_no_gp,cant_fetch,cant_fetch,2
SABA,8.98,TRUE,TRUE,y_no_gp,q_no_gp,FALSE,cant_fetch,2
SAFE,19.76,FALSE,FALSE,TRUE,FALSE,TRUE,FALSE,2
SAH,63.05,TRUE,TRUE,FALSE,FALSE,FALSE,FALSE,2
SAP,245.69,TRUE,TRUE,FALSE,FALSE,FALSE,FALSE,2
SAR,23.71,TRUE,TRUE,y_no_gp,q_no_gp,FALSE,FALSE,2
SBBA,25.07,TRUE,TRUE,y_empty,q_no_gp,cant_fetch,cant_fetch,2
SBR,61.88,TRUE,TRUE,y_no_gp,q_no_gp,FALSE,FALSE,2
SBSI,32.14,TRUE,TRUE,y_no_gp,q_no_gp,FALSE,FALSE,2
SCD,16.46,TRUE,TRUE,y_no_gp,q_no_gp,FALSE,cant_fetch,2
SCI,82.52,TRUE,TRUE,FALSE,FALSE,FALSE,FALSE,2
SCM,13.34,TRUE,TRUE,y_no_gp,q_no_gp,FALSE,FALSE,2
SE,111.64,TRUE,TRUE,FALSE,FALSE,FALSE,FALSE,2
SEI,26.57,TRUE,TRUE,FALSE,FALSE,FALSE,FALSE,2
SEM,18.26,TRUE,TRUE,FALSE,FALSE,FALSE,FALSE,2
SEMR,12.36,FALSE,FALSE,TRUE,FALSE,TRUE,FALSE,2
SF,102.27,TRUE,TRUE,y_no_gp,q_no_gp,FALSE,FALSE,2
SFBS,85.1,TRUE,TRUE,y_no_gp,q_no_gp,FALSE,FALSE,2
SGHC,6.39,TRUE,TRUE,FALSE,FALSE,FALSE,FALSE,2
SGU,11.23,TRUE,TRUE,FALSE,FALSE,FALSE,FALSE,2
SHCO,7.22,TRUE,FALSE,TRUE,FALSE,FALSE,FALSE,2
SKIL,18.45,TRUE,TRUE,FALSE,FALSE,insufficient,FALSE,2
SKT,34.35,TRUE,TRUE,FALSE,FALSE,FALSE,FALSE,2
SKX,66.29,TRUE,TRUE,FALSE,FALSE,FALSE,FALSE,2
SKY,95.35,TRUE,TRUE,FALSE,FALSE,FALSE,FALSE,2
SLF,58.71,TRUE,TRUE,y_no_gp,q_no_gp,FALSE,FALSE,2
SLG,66.79,TRUE,TRUE,FALSE,FALSE,FALSE,FALSE,2
SLGN,51.92,TRUE,TRUE,FALSE,FALSE,FALSE,FALSE,2
SLQT,3,TRUE,TRUE,FALSE,FALSE,FALSE,FALSE,2
SLVM,79.08,TRUE,TRUE,FALSE,FALSE,FALSE,FALSE,2
SMBK,31.36,TRUE,TRUE,y_no_gp,q_no_gp,FALSE,FALSE,2
SMC,34.54,TRUE,TRUE,FALSE,FALSE,FALSE,FALSE,2
SMFG,14.17,TRUE,TRUE,y_no_gp,q_no_gp,FALSE,FALSE,2
SMRT,1.59,TRUE,FALSE,FALSE,FALSE,TRUE,FALSE,2
SNDR,29.38,TRUE,TRUE,FALSE,FALSE,FALSE,FALSE,2
SNV,49.68,TRUE,TRUE,y_no_gp,q_no_gp,FALSE,FALSE,2
SONY,20.66,TRUE,TRUE,FALSE,FALSE,FALSE,FALSE,2
SOR,44.36,TRUE,TRUE,y_no_gp,q_no_gp,FALSE,cant_fetch,2
SPE,14.43,TRUE,TRUE,y_no_gp,q_no_gp,FALSE,cant_fetch,2
SPG,169.26,TRUE,TRUE,FALSE,FALSE,FALSE,FALSE,2
SPLP,42.5,TRUE,TRUE,FALSE,FALSE,FALSE,FALSE,2
SPNT,14.39,TRUE,TRUE,y_no_gp,q_no_gp,FALSE,FALSE,2
SPXX,17,TRUE,TRUE,y_no_gp,q_no_gp,FALSE,cant_fetch,2
SQ,87.64,TRUE,FALSE,TRUE,FALSE,FALSE,FALSE,2
SQNS,2.85,TRUE,TRUE,FALSE,FALSE,FALSE,FALSE,2
SR,65.55,TRUE,TRUE,FALSE,FALSE,FALSE,FALSE,2
SRE,85.9,TRUE,TRUE,FALSE,FALSE,FALSE,FALSE,2
SRFM,2.69,TRUE,FALSE,FALSE,FALSE,TRUE,FALSE,2
SSB,98.93,TRUE,TRUE,y_no_gp,q_no_gp,FALSE,FALSE,2
STC,68.77,TRUE,TRUE,y_no_gp,q_no_gp,FALSE,FALSE,2
STEL,28.47,TRUE,TRUE,y_no_gp,q_no_gp,FALSE,FALSE,2
STEW,15.74,TRUE,TRUE,y_no_gp,q_no_gp,FALSE,cant_fetch,2
STK,31.36,TRUE,TRUE,y_no_gp,q_no_gp,FALSE,cant_fetch,2
STR,18.87,TRUE,FALSE,FALSE,FALSE,TRUE,FALSE,2
STT,95.42,TRUE,TRUE,y_no_gp,q_no_gp,FALSE,FALSE,2
SUM,50.35,TRUE,TRUE,FALSE,FALSE,FALSE,FALSE,2
SUPV,14.5,TRUE,TRUE,y_no_gp,q_no_gp,FALSE,FALSE,2
SWI,14.28,TRUE,TRUE,FALSE,FALSE,FALSE,FALSE,2
SXI,191.99,TRUE,TRUE,FALSE,FALSE,FALSE,FALSE,2
SYF,64.27,TRUE,TRUE,y_no_gp,q_no_gp,FALSE,FALSE,2
T,22.57,TRUE,TRUE,FALSE,FALSE,FALSE,FALSE,2
TAC,13.91,TRUE,TRUE,FALSE,FALSE,FALSE,FALSE,2
TDS,33.74,TRUE,TRUE,FALSE,FALSE,FALSE,FALSE,2
TEO,11.75,TRUE,TRUE,FALSE,FALSE,FALSE,FALSE,2
TEVA,21.31,TRUE,TRUE,FALSE,FALSE,FALSE,FALSE,2
TFC,42.55,TRUE,TRUE,y_no_gp,q_no_gp,FALSE,FALSE,2
TFSA,23.8677,TRUE,TRUE,y_empty,q_no_gp,cant_fetch,cant_fetch,2
TG,7.72,TRUE,TRUE,FALSE,FALSE,FALSE,FALSE,2
TGI,17.57,TRUE,TRUE,FALSE,FALSE,FALSE,FALSE,2
TGLS,79.3,TRUE,TRUE,FALSE,FALSE,FALSE,FALSE,2
TGNA,18.13,TRUE,TRUE,FALSE,FALSE,FALSE,FALSE,2
TGS,27.5,TRUE,TRUE,FALSE,FALSE,FALSE,FALSE,2
THG,153.49,TRUE,TRUE,y_no_gp,q_no_gp,FALSE,FALSE,2
TJX,121.2,TRUE,TRUE,FALSE,FALSE,FALSE,FALSE,2
TKO,143.79,TRUE,TRUE,FALSE,FALSE,FALSE,insufficient,2
TNL,50.97,TRUE,TRUE,FALSE,FALSE,FALSE,FALSE,2
TPB,58.65,TRUE,TRUE,FALSE,FALSE,FALSE,FALSE,2
TPC,25.33,TRUE,TRUE,FALSE,FALSE,FALSE,FALSE,2
TPR,62.66,TRUE,TRUE,FALSE,FALSE,FALSE,FALSE,2
TPZ,19.53,TRUE,TRUE,y_no_gp,q_no_gp,FALSE,cant_fetch,2
TRAK,22.3,TRUE,TRUE,FALSE,FALSE,FALSE,FALSE,2
TRGP,172.53,TRUE,TRUE,FALSE,FALSE,FALSE,FALSE,2
TRN,35.38,TRUE,TRUE,FALSE,FALSE,FALSE,FALSE,2
TRP,45.33,TRUE,TRUE,FALSE,FALSE,FALSE,FALSE,2
TRTX,8.51,TRUE,TRUE,y_no_gp,q_no_gp,FALSE,FALSE,2
TRV,237.71,TRUE,TRUE,y_no_gp,q_no_gp,FALSE,FALSE,2
TSLX,20.8,TRUE,TRUE,y_no_gp,q_no_gp,FALSE,FALSE,2
TSM,194.64,TRUE,TRUE,FALSE,FALSE,FALSE,FALSE,2
TSN,58.2,TRUE,FALSE,FALSE,FALSE,FALSE,TRUE,2
TTP,46.69,TRUE,TRUE,y_no_gp,q_no_gp,FALSE,cant_fetch,2
TWLO,106.03,TRUE,TRUE,FALSE,FALSE,FALSE,FALSE,2
TWN,46.24,TRUE,TRUE,y_no_gp,q_no_gp,FALSE,cant_fetch,2
TXNM,47.71,TRUE,TRUE,FALSE,FALSE,FALSE,FALSE,2
TYG,41.3,TRUE,TRUE,y_no_gp,q_no_gp,FALSE,cant_fetch,2
U,22.26,TRUE,FALSE,FALSE,FALSE,TRUE,FALSE,2
UA,7.56,TRUE,TRUE,FALSE,FALSE,FALSE,FALSE,2
UAA,8.42,TRUE,TRUE,FALSE,FALSE,FALSE,FALSE,2
UCB,31.05,TRUE,TRUE,y_no_gp,q_no_gp,FALSE,FALSE,2
UDR,42.42,TRUE,TRUE,FALSE,FALSE,FALSE,FALSE,2
UE,21.28,TRUE,TRUE,FALSE,FALSE,FALSE,FALSE,2
UGI,27.11,TRUE,TRUE,FALSE,FALSE,FALSE,FALSE,2
UIS,6.76,TRUE,TRUE,FALSE,FALSE,FALSE,FALSE,2
UMH,18.52,TRUE,TRUE,FALSE,FALSE,FALSE,FALSE,2
UNFI,26.21,TRUE,TRUE,FALSE,FALSE,FALSE,FALSE,2
UNM,70.96,TRUE,TRUE,y_no_gp,q_no_gp,FALSE,FALSE,2
USB,47.41,TRUE,TRUE,y_no_gp,q_no_gp,FALSE,FALSE,2
USFD,66.86,TRUE,TRUE,FALSE,FALSE,FALSE,FALSE,2
USM,61.2,TRUE,TRUE,FALSE,FALSE,FALSE,FALSE,2
UVE,20.59,TRUE,TRUE,y_no_gp,q_no_gp,FALSE,FALSE,2
UVV,54.45,TRUE,TRUE,FALSE,FALSE,FALSE,FALSE,2
UZD,23.33,TRUE,TRUE,y_empty,q_no_gp,cant_fetch,cant_fetch,2
UZE,22.355,TRUE,TRUE,y_empty,q_no_gp,cant_fetch,cant_fetch,2
UZF,22.29,TRUE,TRUE,y_empty,q_no_gp,cant_fetch,cant_fetch,2
VEL,20.42,TRUE,TRUE,y_no_gp,q_no_gp,FALSE,FALSE,2
VFC,21.67,TRUE,TRUE,FALSE,FALSE,FALSE,FALSE,2
VICI,28.27,FALSE,FALSE,TRUE,FALSE,TRUE,FALSE,2
VIK,43.69,TRUE,FALSE,FALSE,FALSE,TRUE,FALSE,2
VIST,53.92,TRUE,TRUE,FALSE,FALSE,FALSE,FALSE,2
VNO,40.03,TRUE,TRUE,FALSE,FALSE,FALSE,FALSE,2
VRE,16.38,TRUE,TRUE,FALSE,FALSE,FALSE,FALSE,2
VRT,115.44,TRUE,TRUE,FALSE,FALSE,FALSE,FALSE,2
VSCO,42.42,TRUE,TRUE,FALSE,FALSE,FALSE,FALSE,2
VST,136.9785,TRUE,TRUE,FALSE,FALSE,FALSE,FALSE,2
VTS,24.11,TRUE,TRUE,FALSE,FALSE,FALSE,FALSE,2
VVI,42.87,TRUE,TRUE,FALSE,FALSE,FALSE,FALSE,2
VYX,13.93,TRUE,TRUE,FALSE,FALSE,FALSE,FALSE,2
WAB,189.56,TRUE,TRUE,FALSE,FALSE,FALSE,FALSE,2
WAL,82.86,TRUE,TRUE,y_no_gp,q_no_gp,FALSE,FALSE,2
WBS,54.13,TRUE,TRUE,y_no_gp,q_no_gp,FALSE,FALSE,2
WCC,175.14,TRUE,TRUE,FALSE,FALSE,FALSE,FALSE,2
WEC,93.26,TRUE,TRUE,FALSE,FALSE,FALSE,FALSE,2
WES,38.15,TRUE,TRUE,FALSE,FALSE,FALSE,FALSE,2
WFC,68.85,TRUE,TRUE,y_no_gp,q_no_gp,FALSE,FALSE,2
WHG,15.25,TRUE,TRUE,FALSE,FALSE,FALSE,FALSE,2
WHR,113.99,TRUE,TRUE,FALSE,FALSE,FALSE,FALSE,2
WLKP,23.13,TRUE,TRUE,FALSE,FALSE,FALSE,FALSE,2
WMB,52.57,TRUE,TRUE,FALSE,FALSE,FALSE,FALSE,2
WMK,70.23,TRUE,TRUE,FALSE,FALSE,FALSE,FALSE,2
WMT,93.4,TRUE,TRUE,FALSE,FALSE,FALSE,FALSE,2
WNC,17.1,TRUE,FALSE,TRUE,FALSE,FALSE,FALSE,2
WPP,52.58,TRUE,TRUE,FALSE,q_no_gp,FALSE,cant_fetch,2
WRB,58.03,TRUE,TRUE,y_no_gp,q_no_gp,FALSE,FALSE,2
WRBY,24.26,TRUE,TRUE,FALSE,FALSE,FALSE,FALSE,2
WSM,179.59,TRUE,TRUE,FALSE,FALSE,FALSE,FALSE,2
WSR,14.25,TRUE,TRUE,FALSE,FALSE,FALSE,FALSE,2
WT,10.5,TRUE,TRUE,FALSE,FALSE,FALSE,FALSE,2
WTTR,12.45,TRUE,TRUE,FALSE,FALSE,FALSE,FALSE,2
WWW,22.45,TRUE,TRUE,FALSE,FALSE,FALSE,FALSE,2
XPEV,12.71,TRUE,TRUE,FALSE,FALSE,FALSE,FALSE,2
XPO,145.51,TRUE,TRUE,FALSE,FALSE,FALSE,FALSE,2
XYF,7.97,TRUE,TRUE,y_no_gp,q_no_gp,FALSE,FALSE,2
YETI,39.63,TRUE,TRUE,FALSE,FALSE,FALSE,FALSE,2
YEXT,6.36,TRUE,TRUE,FALSE,FALSE,FALSE,insufficient,2
YPF,41.42,TRUE,TRUE,FALSE,FALSE,FALSE,FALSE,2
YSG,4.44,TRUE,TRUE,FALSE,FALSE,FALSE,FALSE,2
YUMC,48.97,TRUE,TRUE,FALSE,FALSE,FALSE,FALSE,2
ZETA,19.07,FALSE,FALSE,TRUE,FALSE,TRUE,FALSE,2
ZTR,5.82,TRUE,TRUE,y_empty,q_no_gp,cant_fetch,cant_fetch,2
ZVIA,3.21,TRUE,TRUE,FALSE,FALSE,FALSE,FALSE,2
ACR,15.31,TRUE,TRUE,y_no_gp,q_no_gp,FALSE,TRUE,3
AESI,21.33,TRUE,FALSE,TRUE,FALSE,TRUE,FALSE,3
AMC,4.09,TRUE,FALSE,TRUE,FALSE,TRUE,FALSE,3
AMPS,3.47,TRUE,FALSE,TRUE,FALSE,TRUE,FALSE,3
BBAR,16.88,TRUE,TRUE,y_no_gp,q_no_gp,TRUE,FALSE,3
BILL,88.44,TRUE,FALSE,TRUE,FALSE,TRUE,FALSE,3
BIRK,57.59,TRUE,TRUE,FALSE,FALSE,TRUE,FALSE,3
BKKT,26.66,TRUE,TRUE,FALSE,FALSE,TRUE,FALSE,3
BMA,95.24,TRUE,TRUE,y_no_gp,q_no_gp,TRUE,FALSE,3
BNT,55.53,TRUE,TRUE,y_no_gp,q_no_gp,TRUE,FALSE,3
BRBR,77.81,TRUE,TRUE,FALSE,FALSE,FALSE,TRUE,3
BROS,52.32,TRUE,TRUE,FALSE,FALSE,TRUE,FALSE,3
CRS,169.59,TRUE,TRUE,TRUE,FALSE,FALSE,FALSE,3
CURB,21.64,TRUE,FALSE,TRUE,FALSE,TRUE,FALSE,3
CWAN,27.92,TRUE,TRUE,FALSE,FALSE,TRUE,FALSE,3
DECK,205.28,TRUE,TRUE,FALSE,FALSE,FALSE,TRUE,3
DV,19.69,TRUE,FALSE,TRUE,FALSE,TRUE,FALSE,3
EB,3.38,TRUE,FALSE,TRUE,FALSE,TRUE,FALSE,3
ELF,129.09,TRUE,FALSE,TRUE,FALSE,TRUE,FALSE,3
EPRT,30.82,FALSE,TRUE,TRUE,FALSE,TRUE,FALSE,3
FBRT,12.43,TRUE,FALSE,TRUE,FALSE,TRUE,FALSE,3
GBX,62.14,TRUE,TRUE,TRUE,FALSE,FALSE,FALSE,3
GFL,45.08,TRUE,TRUE,TRUE,FALSE,FALSE,FALSE,3
HIPO,25.26,TRUE,TRUE,y_no_gp,q_no_gp,TRUE,FALSE,3
IHG,125.03,TRUE,TRUE,TRUE,q_no_gp,FALSE,cant_fetch,3
LMND,38.1,TRUE,TRUE,y_no_gp,q_no_gp,TRUE,FALSE,3
LSPD,15.42,TRUE,TRUE,FALSE,FALSE,TRUE,FALSE,3
LTH,22.25,FALSE,TRUE,TRUE,FALSE,TRUE,FALSE,3
ML,86.87,TRUE,FALSE,TRUE,FALSE,TRUE,FALSE,3
MTZ,132.07,TRUE,TRUE,FALSE,FALSE,TRUE,FALSE,3
NET,108.58,TRUE,FALSE,TRUE,FALSE,TRUE,FALSE,3
OGE,40.96,TRUE,TRUE,FALSE,FALSE,FALSE,TRUE,3
OLO,7.64,TRUE,TRUE,FALSE,FALSE,TRUE,FALSE,3
OUST,10.42,TRUE,TRUE,FALSE,FALSE,TRUE,FALSE,3
OWL,23.1,TRUE,TRUE,FALSE,FALSE,TRUE,FALSE,3
PAC,180.56,TRUE,TRUE,FALSE,FALSE,TRUE,FALSE,3
PAYC,206.99,TRUE,FALSE,TRUE,FALSE,TRUE,FALSE,3
PCOR,75.48,TRUE,FALSE,TRUE,FALSE,TRUE,FALSE,3
PHR,23.84,TRUE,FALSE,TRUE,FALSE,TRUE,FALSE,3
PL,3.88,TRUE,TRUE,TRUE,FALSE,FALSE,FALSE,3
PX,12.72,TRUE,TRUE,FALSE,FALSE,TRUE,FALSE,3
RCL,230.76,TRUE,TRUE,FALSE,FALSE,FALSE,TRUE,3
RDDT,163.72,TRUE,FALSE,TRUE,FALSE,TRUE,FALSE,3
RERE,2.75,TRUE,TRUE,FALSE,FALSE,TRUE,FALSE,3
RYAN,63.15,TRUE,TRUE,y_no_gp,q_no_gp,TRUE,FALSE,3
S,22.33,TRUE,FALSE,TRUE,FALSE,TRUE,FALSE,3
SG,34.73,TRUE,TRUE,FALSE,FALSE,TRUE,FALSE,3
SHOP,107.07,TRUE,TRUE,FALSE,FALSE,TRUE,FALSE,3
SKE,8.9,TRUE,TRUE,FALSE,FALSE,insufficient,TRUE,3
SMR,19.01,TRUE,TRUE,FALSE,FALSE,TRUE,FALSE,3
SMWB,14.07,TRUE,TRUE,TRUE,FALSE,FALSE,FALSE,3
SNOW,164.21,TRUE,FALSE,TRUE,FALSE,TRUE,FALSE,3
SPIR,12.53,TRUE,FALSE,TRUE,FALSE,TRUE,FALSE,3
TBBB,29.2,FALSE,TRUE,TRUE,FALSE,TRUE,FALSE,3
TS,36.9,TRUE,FALSE,TRUE,FALSE,TRUE,FALSE,3
WEAV,15.61,TRUE,TRUE,TRUE,FALSE,FALSE,FALSE,3
WELL,123.78,TRUE,TRUE,FALSE,FALSE,FALSE,TRUE,3
WH,99.71,TRUE,TRUE,FALSE,FALSE,FALSE,TRUE,3
WHD,56.93,TRUE,TRUE,FALSE,FALSE,TRUE,FALSE,3
ZIM,18.38,FALSE,TRUE,FALSE,TRUE,FALSE,TRUE,3
ZK,27.31,TRUE,FALSE,TRUE,FALSE,TRUE,FALSE,3
ZWS,37.15,TRUE,TRUE,TRUE,FALSE,FALSE,FALSE,3
ADC,69.44,TRUE,TRUE,TRUE,FALSE,TRUE,FALSE,4
ANET,109.07,TRUE,TRUE,TRUE,FALSE,TRUE,FALSE,4
APO,169.63,TRUE,TRUE,TRUE,FALSE,TRUE,FALSE,4
ARIS,23.91,TRUE,TRUE,TRUE,FALSE,TRUE,FALSE,4
CNK,31.37,TRUE,TRUE,TRUE,FALSE,TRUE,FALSE,4
DESP,14.72,TRUE,TRUE,TRUE,FALSE,TRUE,FALSE,4
DT,53.56,TRUE,TRUE,TRUE,FALSE,TRUE,FALSE,4
GB,6.2,TRUE,TRUE,TRUE,FALSE,TRUE,FALSE,4
GENI,8.72,TRUE,TRUE,FALSE,TRUE,TRUE,FALSE,4
GRND,16.85,TRUE,TRUE,TRUE,FALSE,TRUE,FALSE,4
HIMS,26.36,TRUE,TRUE,TRUE,FALSE,TRUE,FALSE,4
IDA,109,TRUE,TRUE,FALSE,TRUE,FALSE,TRUE,4
IOT,42.67,TRUE,TRUE,TRUE,FALSE,TRUE,FALSE,4
KVYO,42.78,TRUE,TRUE,TRUE,FALSE,TRUE,FALSE,4
LYV,132.19,TRUE,TRUE,TRUE,FALSE,TRUE,FALSE,4
ONON,55.14,TRUE,TRUE,TRUE,FALSE,TRUE,FALSE,4
PAY,32.95,TRUE,TRUE,TRUE,FALSE,TRUE,FALSE,4
SHAK,129.63,TRUE,TRUE,TRUE,FALSE,TRUE,FALSE,4
SMAR,56,TRUE,TRUE,TRUE,FALSE,TRUE,FALSE,4
TOST,35.93,TRUE,TRUE,TRUE,FALSE,TRUE,FALSE,4
UTI,25.42,TRUE,TRUE,TRUE,FALSE,TRUE,FALSE,4
XPOF,13.79,TRUE,TRUE,TRUE,FALSE,TRUE,FALSE,4
YMM,10.92,TRUE,TRUE,TRUE,FALSE,TRUE,FALSE,4
FOUR,101.26,TRUE,TRUE,TRUE,FALSE,TRUE,TRUE,5